paper_title,bibtex_key,publication_year,publication_type,venue,authors,first_author,doi,doi_url,paper_url,github_repositories,github_repository_roles,other_code_repositories,categories,secondary_tags,summary,task_context_transfer_status,task_context_transfer_evidence,task_unseen_genetic_status,task_unseen_genetic_evidence,task_unseen_chemical_status,task_unseen_chemical_evidence,task_genetic_combinations_status,task_genetic_combinations_evidence,task_genetic_combinations_datasets,task_chemical_combinations_status,task_chemical_combinations_evidence,task_chemical_combinations_datasets,local_pdf_path,local_markdown_path,local_text_path,bibliography_source,paper_yaml_path,inventory_selection_rule,inventory_source_notebook
Deep-Learning-Based Gene Perturbation Effect Prediction Does Not yet Outperform Simple Linear Baselines,ahlmann2025,2025,article,Nature Methods,"Ahlmann-Eltze, Constantin and Huber, Wolfgang and Anders, Simon","Ahlmann-Eltze, Constantin",10.1038/s41592-025-02772-6,https://doi.org/10.1038/s41592-025-02772-6,https://doi.org/10.1038/s41592-025-02772-6,https://github.com/const-ae/linear_perturbation_prediction-Paper,https://github.com/const-ae/linear_perturbation_prediction-Paper (benchmark),,benchmark_paper,perturbation_response_modeling; single_cell_rna_seq,Compares deep perturbation predictors against simple linear baselines and finds the baselines remain hard to beat.,not_established,Available local metadata does not establish this capability.,scope_only,"Paper addresses genetic perturbations, but local metadata does not establish held-out-perturbation evaluation.",not_established,Available local metadata does not establish this capability.,explicitly_evaluated,Benchmark evaluates double-gene perturbation prediction.,Norman2019,not_established,Available local metadata does not establish this capability.,,metrics-db/pdfs/ahlmann2025.pdf,metrics-db/extracted_markdown/ahlmann2025.md,metrics-db/extracted_text/ahlmann2025.txt,metrics-db/bib/papers.bib,metrics-db/data/papers/ahlmann2025.yaml,Analogous benchmark filter: category=benchmark_paper; tags include perturbation_response_modeling and single_cell_rna_seq,notebooks/metric_benchmark_correlations_dataframe.ipynb
Single Cell Foundation Models Evaluation (scFME) for In-Silico Perturbation,boylanSingleCellFoundation2025,2025,article,bioRxiv,"Boylan, James and Solovyeva, Elizaveta and Bouiller, Theophile and Liu, Xiong and Hoersch, Sebastian and Ataman, Bulent and Jenkins, Jeremy and Devarakonda, Murthy","Boylan, James",10.1101/2025.09.22.677811,https://doi.org/10.1101/2025.09.22.677811,https://doi.org/10.1101/2025.09.22.677811,,,,benchmark_paper,perturbation_response_modeling; single_cell_rna_seq,"Introduces scFME, a benchmarking framework for fine-tuned single-cell foundation models in in-silico perturbation.",not_established,Available local metadata does not establish this capability.,scope_only,"Paper addresses genetic perturbations, but local metadata does not establish held-out-perturbation evaluation.",not_established,Available local metadata does not establish this capability.,not_established,Available local metadata does not establish this capability.,,not_established,Available local metadata does not establish this capability.,,metrics-db/pdfs/boylanSingleCellFoundation2025.pdf,metrics-db/extracted_markdown/boylanSingleCellFoundation2025.md,metrics-db/extracted_text/boylanSingleCellFoundation2025.txt,metrics-db/bib/papers.bib; all_papers_updated.bib fallback fields,metrics-db/data/papers/boylanSingleCellFoundation2025.yaml,Analogous benchmark filter: category=benchmark_paper; tags include perturbation_response_modeling and single_cell_rna_seq,notebooks/metric_benchmark_correlations_dataframe.ipynb
Drug Response Prediction Provides a Biologically Relevant Benchmark for Perturbation Response Models,brouwerDrugResponsePrediction2025,2025,misc,bioRxiv,"Brouwer, Niek and Damyanov, Martin and Argelo, Jonas and Vis, Dani\""el J. and Reinders, Marcel J. T. and Wessels, Lodewyk F. A.","Brouwer, Niek",10.64898/2025.12.09.693213,https://doi.org/10.64898/2025.12.09.693213,https://doi.org/10.64898/2025.12.09.693213,,,,benchmark_paper,perturbation_response_modeling; single_cell_rna_seq,,not_established,Available local metadata does not establish this capability.,scope_only,"Paper addresses genetic perturbations, but local metadata does not establish held-out-perturbation evaluation.",scope_only,"Paper addresses chemical perturbations, but local metadata does not establish held-out-perturbation evaluation.",explicitly_evaluated,Extended analysis evaluates GEARS variants on a double-CRISPRa screen.,Norman2019,not_established,Available local metadata does not establish this capability.,,metrics-db/pdfs/brouwerDrugResponsePrediction2025.pdf,metrics-db/extracted_markdown/brouwerDrugResponsePrediction2025.md,,metrics-db/bib/papers.bib,metrics-db/data/papers/brouwerDrugResponsePrediction2025.yaml,Analogous benchmark filter: category=benchmark_paper; tags include perturbation_response_modeling and single_cell_rna_seq,notebooks/metric_benchmark_correlations_dataframe.ipynb
Foundation Models Improve Perturbation Response Prediction,coleFoundationModelsImprove2026,2026,article,bioRxiv,"Cole, Elijah and Huizing, Geert-Jan and Addagudi, Sohan and Ho, Nicholas and Hasanaj, Euxhen and Kuijs, Merel and Johnstone, Toby and Carilli, Maria and others and Menegaux, Romain and Mohammadi, Shahin and Shao, Yanjun and Zhang, Josiah and Lundberg, Emma and Song, Le and Bar-Joseph, Ziv and Xing, Eric P.","Cole, Elijah",10.64898/2026.02.18.706454,https://doi.org/10.64898/2026.02.18.706454,https://doi.org/10.64898/2026.02.18.706454,https://github.com/genbio-ai/foundation-models-perturbation,https://github.com/genbio-ai/foundation-models-perturbation (mentioned_in_paper),,benchmark_paper,perturbation_response_modeling; single_cell_rna_seq,Benchmarks a large set of perturbation-response models and argues some foundation models improve over simple baselines.,not_established,Available local metadata does not establish this capability.,not_established,Available local metadata does not establish this capability.,scope_only,"Paper addresses chemical perturbations, but local metadata does not establish held-out-perturbation evaluation.",not_established,Available local metadata does not establish this capability.,,not_established,Available local metadata does not establish this capability.,,metrics-db/pdfs/coleFoundationModelsImprove2026.pdf,metrics-db/extracted_markdown/coleFoundationModelsImprove2026.md,metrics-db/extracted_text/coleFoundationModelsImprove2026.txt,metrics-db/bib/papers.bib; all_papers_updated.bib fallback fields,metrics-db/data/papers/coleFoundationModelsImprove2026.yaml,Analogous benchmark filter: category=benchmark_paper; tags include perturbation_response_modeling and single_cell_rna_seq,notebooks/metric_benchmark_correlations_dataframe.ipynb
Benchmarking Foundation Cell Models for Post-Perturbation RNA-Seq Prediction,csendesBenchmarkingFoundationCell2025,2025,article,BMC Genomics,"Csendes, Gerold and Sanz, Gema and Szalay, Krist\'of Z. and Szalai, Bence","Csendes, Gerold",10.1186/s12864-025-11600-2,https://doi.org/10.1186/s12864-025-11600-2,https://doi.org/10.1186/s12864-025-11600-2,https://github.com/turbineai/PerturbSeqPredBenchmark,https://github.com/turbineai/PerturbSeqPredBenchmark (mentioned_in_paper),,benchmark_paper,perturbation_response_modeling; single_cell_rna_seq,Benchmarks foundation cell models for post-perturbation RNA-seq prediction with a focus on scFM-based methods.,not_established,Available local metadata does not establish this capability.,scope_only,"Paper addresses genetic perturbations, but local metadata does not establish held-out-perturbation evaluation.",not_established,Available local metadata does not establish this capability.,applied_to_combination_data,"Benchmark includes Norman single and dual perturbations, but does not isolate a dedicated unseen-combination task.",Norman2019,not_established,Available local metadata does not establish this capability.,,metrics-db/pdfs/csendesBenchmarkingFoundationCell2025.pdf,metrics-db/extracted_markdown/csendesBenchmarkingFoundationCell2025.md,metrics-db/extracted_text/csendesBenchmarkingFoundationCell2025.txt,metrics-db/bib/papers.bib; all_papers_updated.bib fallback fields,metrics-db/data/papers/csendesBenchmarkingFoundationCell2025.yaml,Analogous benchmark filter: category=benchmark_paper; tags include perturbation_response_modeling and single_cell_rna_seq,notebooks/metric_benchmark_correlations_dataframe.ipynb
Multimodal Benchmarking of Foundation Model Representations for Cellular Perturbation Response Prediction,hasanajMultimodalBenchmarkingFoundation2025,2025,article,bioRxiv,"Hasanaj, Euxhen and Cole, Elijah and Mohammadi, Shahin and Addagudi, Sohan and Zhang, Xingyi and Song, Le and Xing, Eric P.","Hasanaj, Euxhen",10.1101/2025.06.26.661186,https://doi.org/10.1101/2025.06.26.661186,https://doi.org/10.1101/2025.06.26.661186,,,,benchmark_paper,perturbation_response_modeling; single_cell_rna_seq,"Benchmarks multimodal perturbation representations, emphasizing foundation-model embeddings for response prediction.",not_established,Available local metadata does not establish this capability.,not_established,Available local metadata does not establish this capability.,not_established,Available local metadata does not establish this capability.,not_established,Available local metadata does not establish this capability.,,not_established,Available local metadata does not establish this capability.,,metrics-db/pdfs/hasanajMultimodalBenchmarkingFoundation2025.pdf,metrics-db/extracted_markdown/hasanajMultimodalBenchmarkingFoundation2025.md,metrics-db/extracted_text/hasanajMultimodalBenchmarkingFoundation2025.txt,metrics-db/bib/papers.bib; all_papers_updated.bib fallback fields,metrics-db/data/papers/hasanajMultimodalBenchmarkingFoundation2025.yaml,Analogous benchmark filter: category=benchmark_paper; tags include perturbation_response_modeling and single_cell_rna_seq,notebooks/metric_benchmark_correlations_dataframe.ipynb
Where Simple Baselines Fail: Mapping the Modeling Frontier of Gene Perturbation Prediction,kalyginaWhereSimpleBaselines,2026,inproceedings,The 2026 Workshop on Generative and Agentic AI for Biology,"Kalygina, Anna and Theus, Alexander and Esteban-Medina, Marina and Boeva, Valentina","Kalygina, Anna",,,https://openreview.net/pdf/9f1dc841e523c0fb00d043216306b288094f3021.pdf,,,,benchmark_paper; meta_metric_paper; metric_paper,perturbation_response_modeling; single_cell_rna_seq,,not_established,Available local metadata does not establish this capability.,explicitly_evaluated,Benchmark explicitly evaluates unseen genetic perturbations.,not_established,Available local metadata does not establish this capability.,explicitly_evaluated,Benchmark defines an UnseenCombo regime with combinations held out after observing their single components.,Norman2019; Wessels2023; Replogle2020,not_established,Available local metadata does not establish this capability.,,,metrics-db/extracted_markdown/kalyginaWhereSimpleBaselines.md,,metrics-db/bib/papers.bib,metrics-db/data/papers/kalyginaWhereSimpleBaselines.yaml,Analogous benchmark filter: category=benchmark_paper; tags include perturbation_response_modeling and single_cell_rna_seq,notebooks/metric_benchmark_correlations_dataframe.ipynb
A Comparison of Computational Methods for Expression Forecasting,kernfeldComparisonComputationalMethods2025,2025,article,Genome Biology,"Kernfeld, Eric and Yang, Yunxiao and Weinstock, Joshua S. and Battle, Alexis and Cahan, Patrick","Kernfeld, Eric",10.1186/s13059-025-03840-y,https://doi.org/10.1186/s13059-025-03840-y,https://doi.org/10.1186/s13059-025-03840-y,,,,benchmark_paper,perturbation_response_modeling; single_cell_rna_seq,Builds a broad expression-forecasting benchmark and shows simple baselines are difficult to outperform consistently.,not_established,Available local metadata does not establish this capability.,scope_only,"Paper addresses genetic perturbations, but local metadata does not establish held-out-perturbation evaluation.",not_established,Available local metadata does not establish this capability.,not_established,Available local metadata does not establish this capability.,,not_established,Available local metadata does not establish this capability.,,metrics-db/pdfs/kernfeldComparisonComputationalMethods2025.pdf,metrics-db/extracted_markdown/kernfeldComparisonComputationalMethods2025.md,metrics-db/extracted_text/kernfeldComparisonComputationalMethods2025.txt,metrics-db/bib/papers.bib; all_papers_updated.bib fallback fields,metrics-db/data/papers/kernfeldComparisonComputationalMethods2025.yaml,Analogous benchmark filter: category=benchmark_paper; tags include perturbation_response_modeling and single_cell_rna_seq,notebooks/metric_benchmark_correlations_dataframe.ipynb
Benchmarking AI Models for In Silico Gene Perturbation of Cells,liBenchmarkingAIModels2025,2025,article,bioRxiv,"Li, Chen and Gao, Haoxiang and She, Yuli and Bian, Haiyang and Chen, Qing and Liu, Kai and Wei, Lei and Zhang, Xuegong","Li, Chen",10.1101/2024.12.20.629581,https://doi.org/10.1101/2024.12.20.629581,https://doi.org/10.1101/2024.12.20.629581,https://github.com/Chen-Li-17/CellPB,https://github.com/Chen-Li-17/CellPB (mentioned_in_paper),,benchmark_paper,perturbation_response_modeling; single_cell_rna_seq,"Benchmarks in-silico gene-perturbation models across multiple scenarios, including cell-type transfer and bulk zero-shot settings.",explicitly_evaluated,Benchmark includes cell-type transfer.,explicitly_evaluated,Benchmark includes gene-perturbation zero-shot settings.,not_established,Available local metadata does not establish this capability.,not_established,Available local metadata does not establish this capability.,,not_established,Available local metadata does not establish this capability.,,metrics-db/pdfs/liBenchmarkingAIModels2025.pdf,metrics-db/extracted_markdown/liBenchmarkingAIModels2025.md,metrics-db/extracted_text/liBenchmarkingAIModels2025.txt,metrics-db/bib/papers.bib; all_papers_updated.bib fallback fields,metrics-db/data/papers/liBenchmarkingAIModels2025.yaml,Analogous benchmark filter: category=benchmark_paper; tags include perturbation_response_modeling and single_cell_rna_seq,notebooks/metric_benchmark_correlations_dataframe.ipynb
MVCBench: A Multimodal Benchmark for Drug-Induced Virtual Cell Phenotypes,liMVCBenchMultimodalBenchmark2026,2026,misc,bioRxiv,"Li, Bo and Wang, Qing and Wang, Shihang and Zhang, Bob and Peng, Yuzhong and Zeng, Pinxian and Liu, Chengliang and Li, Mengran and Tang, Ziyang and Yao, Xiaojun and Deng, Chuxia and Song, Qianqian","Li, Bo",10.64898/2026.04.22.720110,https://doi.org/10.64898/2026.04.22.720110,https://doi.org/10.64898/2026.04.22.720110,https://github.com/QSong-github/MVCBench; https://github.com/QSonggithub/MVCBench,https://github.com/QSong-github/MVCBench (benchmark); https://github.com/QSonggithub/MVCBench (benchmark),,benchmark_paper,perturbation_response_modeling; single_cell_rna_seq; bulk_rna_seq; cell_imaging; cell_painting,,explicitly_evaluated,Benchmark includes unseen cell lines and datasets.,not_established,Available local metadata does not establish this capability.,explicitly_evaluated,Benchmark explicitly includes unseen compounds.,not_established,Available local metadata does not establish this capability.,,not_established,Available local metadata does not establish this capability.,,metrics-db/pdfs/liMVCBenchMultimodalBenchmark2026.pdf,metrics-db/extracted_markdown/liMVCBenchMultimodalBenchmark2026.md,,metrics-db/bib/papers.bib,metrics-db/data/papers/liMVCBenchMultimodalBenchmark2026.yaml,Analogous benchmark filter: category=benchmark_paper; tags include perturbation_response_modeling and single_cell_rna_seq,notebooks/metric_benchmark_correlations_dataframe.ipynb
A Systematic Comparison of Single-Cell Perturbation Response Prediction Models,liSystematicComparisonSingleCell2025,2025,article,bioRxiv,"Li, Lanxiang and You, Yue and Fu, Yunlin and Liao, Wenyu and Fan, Xueying and Lu, Shihong and Cao, Ye and Li, Bo and Ren, Wenle and Kong, Jiaming and Zheng, Shuangjia and Chen, Jizheng and Liu, Xiaodong and Tian, Luyi","Li, Lanxiang",10.1101/2024.12.23.630036,https://doi.org/10.1101/2024.12.23.630036,https://doi.org/10.1101/2024.12.23.630036,,,,benchmark_paper,perturbation_response_modeling; single_cell_rna_seq,"Systematically compares single-cell perturbation response prediction models across tasks, datasets, and metric families.",not_established,Available local metadata does not establish this capability.,scope_only,"Paper addresses genetic perturbations, but local metadata does not establish held-out-perturbation evaluation.",scope_only,"Paper addresses chemical perturbations, but local metadata does not establish held-out-perturbation evaluation.",explicitly_evaluated,"Benchmark defines combinatorial prediction with seen-0, seen-1, and seen-2 splits.",Norman2019,not_established,Available local metadata does not establish this capability.,,metrics-db/pdfs/liSystematicComparisonSingleCell2025.pdf,metrics-db/extracted_markdown/liSystematicComparisonSingleCell2025.md,metrics-db/extracted_text/liSystematicComparisonSingleCell2025.txt,metrics-db/bib/papers.bib; all_papers_updated.bib fallback fields,metrics-db/data/papers/liSystematicComparisonSingleCell2025.yaml,Analogous benchmark filter: category=benchmark_paper; tags include perturbation_response_modeling and single_cell_rna_seq,notebooks/metric_benchmark_correlations_dataframe.ipynb
Evaluating Foundation Models for In-Silico Perturbation,liuEvaluatingFoundationModels2025,2025,article,bioRxiv,"Liu, Xiong and Boylan, James and Bouiller, Theophile and Solovyeva, Elizaveta and Ataman, Bulent and Hoersch, Sebastian and Jenkins, Jeremy and Devarakonda, Murthy","Liu, Xiong",10.1101/2025.05.11.653338,https://doi.org/10.1101/2025.05.11.653338,https://doi.org/10.1101/2025.05.11.653338,,,,benchmark_paper,perturbation_response_modeling; single_cell_rna_seq,,not_established,Available local metadata does not establish this capability.,scope_only,"Paper addresses genetic perturbations, but local metadata does not establish held-out-perturbation evaluation.",not_established,Available local metadata does not establish this capability.,not_established,Available local metadata does not establish this capability.,,not_established,Available local metadata does not establish this capability.,,metrics-db/pdfs/liuEvaluatingFoundationModels2025.pdf,metrics-db/extracted_markdown/liuEvaluatingFoundationModels2025.md,metrics-db/extracted_text/liuEvaluatingFoundationModels2025.txt,metrics-db/bib/papers.bib; all_papers_updated.bib fallback fields,metrics-db/data/papers/liuEvaluatingFoundationModels2025.yaml,Analogous benchmark filter: category=benchmark_paper; tags include perturbation_response_modeling and single_cell_rna_seq,notebooks/metric_benchmark_correlations_dataframe.ipynb
Benchmarking Virtual Cell Models for In-the-Wild Perturbation Response,maoBenchmarkingVirtualCell2026,2026,misc,arXiv,"Mao, Xinjie and Zhang, Songming and Wen, Qianhong and Wen, Xiangyu and Jin, Kedu and Wu, Hao and Chen, Shuizhou and Li, Yuqiang and Bai, Lei and Liu, Qi and Ding, Ning and Sun, Siqi and Gao, Zhangyang","Mao, Xinjie",10.48550/arXiv.2604.27646,https://doi.org/10.48550/arXiv.2604.27646,https://doi.org/10.48550/arXiv.2604.27646,https://github.com/maoxinjie/VCBench,https://github.com/maoxinjie/VCBench (primary),,benchmark_paper,perturbation_response_modeling; single_cell_rna_seq,,explicitly_evaluated,Benchmark explicitly includes unseen cellular contexts.,not_established,Available local metadata does not establish this capability.,not_established,Available local metadata does not establish this capability.,explicitly_evaluated,Benchmark includes a dedicated unseen combinatorial-perturbation task.,Norman2019,not_established,Available local metadata does not establish this capability.,,metrics-db/pdfs/maoBenchmarkingVirtualCell2026.pdf,metrics-db/extracted_markdown/maoBenchmarkingVirtualCell2026.md,,metrics-db/bib/papers.bib,metrics-db/data/papers/maoBenchmarkingVirtualCell2026.yaml,Analogous benchmark filter: category=benchmark_paper; tags include perturbation_response_modeling and single_cell_rna_seq,notebooks/metric_benchmark_correlations_dataframe.ipynb
Deep Learning-Based Genetic Perturbation Models Do Outperform Uninformative Baselines on Well-Calibrated Metrics,millerDeepLearningBasedGenetic2025,2025,article,bioRxiv,"Miller, Henry E. and Mejia, Gabriel M. and Leblanc, Francis J. A. and Wang, Bo and Swain, Brendan and Camillo, Lucas Paulo de Lima","Miller, Henry E.",10.1101/2025.10.20.683304,https://doi.org/10.1101/2025.10.20.683304,https://doi.org/10.1101/2025.10.20.683304,,,,benchmark_paper; meta_metric_paper; metric_paper,perturbation_response_modeling; single_cell_rna_seq,Re-evaluates genetic perturbation models with calibrated metrics and argues deep models beat uninformative baselines under those settings.,not_established,Available local metadata does not establish this capability.,scope_only,"Paper addresses genetic perturbations, but local metadata does not establish held-out-perturbation evaluation.",not_established,Available local metadata does not establish this capability.,explicitly_evaluated,Benchmark evaluates held-out gene combinations and metric calibration for the combination task.,Norman2019; Wessels2023,not_established,Available local metadata does not establish this capability.,,metrics-db/pdfs/millerDeepLearningBasedGenetic2025.pdf,metrics-db/extracted_markdown/millerDeepLearningBasedGenetic2025.md,metrics-db/extracted_text/millerDeepLearningBasedGenetic2025.txt,metrics-db/bib/papers.bib; all_papers_updated.bib fallback fields,metrics-db/data/papers/millerDeepLearningBasedGenetic2025.yaml,Analogous benchmark filter: category=benchmark_paper; tags include perturbation_response_modeling and single_cell_rna_seq,notebooks/metric_benchmark_correlations_dataframe.ipynb
Tabular Foundation Models Are Competitive Cellular Perturbation Predictors Across Biological Scales,pallaTabularFoundationModels2026,2026,misc,bioRxiv,"Palla, Giovanni and Hillsley, Alexander and Kim, Yang-Joon and Royer, Loic A.","Palla, Giovanni",10.64898/2026.06.28.735106,https://doi.org/10.64898/2026.06.28.735106,https://doi.org/10.64898/2026.06.28.735106,https://github.com/royerlab/tfm-perturbation,https://github.com/royerlab/tfm-perturbation (reproducibility),,model_paper; benchmark_paper,perturbation_response_modeling; single_cell_rna_seq; cell_imaging,,explicitly_evaluated,Benchmark includes cross-cell-type prediction.,scope_only,"Paper addresses genetic perturbations, but local metadata does not establish held-out-perturbation evaluation.",scope_only,"Paper addresses chemical perturbations, but local metadata does not establish held-out-perturbation evaluation.",applied_to_combination_data,Benchmark includes combinatorial knockouts in a held-out-timepoint task rather than a held-out-combination task.,ZSCAPE,not_established,Available local metadata does not establish this capability.,,,metrics-db/extracted_markdown/pallaTabularFoundationModels2026.md,,metrics-db/bib/papers.bib,metrics-db/data/papers/pallaTabularFoundationModels2026.yaml,Analogous benchmark filter: category=benchmark_paper; tags include perturbation_response_modeling and single_cell_rna_seq,notebooks/metric_benchmark_correlations_dataframe.ipynb
PerturBench: Benchmarking Machine Learning Models for Cellular Perturbation Analysis,perturbench,2024,inproceedings,NeurIPS 2024 Workshop on AI for New Drug Modalities,"Wu, Yan and Wershof, Esther and Schmon, Sebastian M. and Nassar, Marcel and Osi\'nski, B\la\.zej and Eksi, Ridvan and Zhang, Kun and Graepel, Thore","Wu, Yan",,,https://arxiv.org/abs/2408.10609,https://github.com/altoslabs/perturbench,https://github.com/altoslabs/perturbench (primary),,benchmark_paper; metric_paper,perturbation_response_modeling; single_cell_rna_seq,Benchmark suite that motivates rank and transposed-rank style evaluations.,not_established,Available local metadata does not establish this capability.,not_established,Available local metadata does not establish this capability.,not_established,Available local metadata does not establish this capability.,explicitly_evaluated,Benchmark trains on singles plus a subset of duals and holds out the remaining dual perturbations.,Norman2019,not_established,Available local metadata does not establish this capability.,,metrics-db/pdfs/perturbench.pdf,metrics-db/extracted_markdown/perturbench.md,metrics-db/extracted_text/perturbench.txt,metrics-db/bib/papers.bib,metrics-db/data/papers/perturbench.yaml,Analogous benchmark filter: category=benchmark_paper; tags include perturbation_response_modeling and single_cell_rna_seq,notebooks/metric_benchmark_correlations_dataframe.ipynb
"Signal, Bounds, and Baselines: Principles for Rigorous Evaluation of High-Dimensional Biological Perturbation Prediction",sbb,2026,misc,bioRxiv,"Vollenweider, Michael and Bühlmann, Peter","Vollenweider, Michael",10.64898/2026.04.20.719650,https://doi.org/10.64898/2026.04.20.719650,https://doi.org/10.64898/2026.04.20.719650,https://github.com/michavol/sbb-perturbation-benchmark,https://github.com/michavol/sbb-perturbation-benchmark (benchmark|sbb-perturbation-benchmark),,benchmark_paper,perturbation_response_modeling; single_cell_rna_seq,,not_established,Available local metadata does not establish this capability.,scope_only,"Paper addresses genetic perturbations, but local metadata does not establish held-out-perturbation evaluation.",scope_only,"Paper addresses chemical perturbations, but local metadata does not establish held-out-perturbation evaluation.",explicitly_evaluated,Benchmark includes three combinatorial genetic screens.,Norman2019; Wessels2023; Replogle2020,not_established,Available local metadata does not establish this capability.,,metrics-db/pdfs/sbb.pdf,metrics-db/extracted_markdown/sbb.md,,metrics-db/bib/papers.bib,metrics-db/data/papers/sbb.yaml,Analogous benchmark filter: category=benchmark_paper; tags include perturbation_response_modeling and single_cell_rna_seq,notebooks/metric_benchmark_correlations_dataframe.ipynb
scArchon: A Scalable Benchmarking Framework for Assessing Single-Cell Perturbation Models,scArchon,2026,article,Genome Biology,"Radig, Jean and Droit, Robin and Doncevic, Daria and Li, Albert and Bui, Duc Thien and Herfurth, Luis and Kühn, Thaddeus and Herrmann, Carl","Radig, Jean",10.1186/s13059-026-04104-z,https://doi.org/10.1186/s13059-026-04104-z,https://doi.org/10.1186/s13059-026-04104-z,https://github.com/hdsu-bioquant/scArchon,https://github.com/hdsu-bioquant/scArchon (benchmark|primary),,benchmark_paper; software_paper,perturbation_response_modeling; single_cell_rna_seq,"Introduces scArchon, a benchmarking platform for tracking biological hallucinations in single-cell perturbation predictions.",not_established,Available local metadata does not establish this capability.,not_established,Available local metadata does not establish this capability.,not_established,Available local metadata does not establish this capability.,not_established,Available local metadata does not establish this capability.,,not_established,Available local metadata does not establish this capability.,,metrics-db/pdfs/scArchon.pdf,metrics-db/extracted_markdown/scArchon.md,metrics-db/extracted_text/scArchon.txt,metrics-db/bib/papers.bib,metrics-db/data/papers/scArchon.yaml,Analogous benchmark filter: category=benchmark_paper; tags include perturbation_response_modeling and single_cell_rna_seq,notebooks/metric_benchmark_correlations_dataframe.ipynb
scDrugMap: Benchmarking Large Foundation Models for Drug Response Prediction,scDrugMap,2025,article,Nature Communications,"Wang, Qing and Pan, Yining and Zhou, Minghao and Tang, Zijia and Wang, Yanfei and Wang, Guangyu and Song, Qianqian","Wang, Qing",10.1038/s41467-025-67481-2,https://doi.org/10.1038/s41467-025-67481-2,https://doi.org/10.1038/s41467-025-67481-2,https://github.com/QSong-github/scDrugMap,https://github.com/QSong-github/scDrugMap (official),,benchmark_paper,perturbation_response_modeling; single_cell_rna_seq,"Benchmarks large foundation models for single-cell drug response prediction across pooled, cross-dataset, and zero-shot settings.",not_established,Available local metadata does not establish this capability.,not_established,Available local metadata does not establish this capability.,explicitly_evaluated,Benchmark explicitly includes zero-shot drug-response settings.,not_established,Available local metadata does not establish this capability.,,not_established,Available local metadata does not establish this capability.,,metrics-db/pdfs/scDrugMap.pdf,metrics-db/extracted_markdown/scDrugMap.md,metrics-db/extracted_text/scDrugMap.txt,metrics-db/bib/papers.bib,metrics-db/data/papers/scDrugMap.yaml,Analogous benchmark filter: category=benchmark_paper; tags include perturbation_response_modeling and single_cell_rna_seq,notebooks/metric_benchmark_correlations_dataframe.ipynb
scExplore: A Comparative Study of Molecular Embeddings for Single-Cell Perturbation Analysis,scExploreComparativeStudy2025a,2025,inproceedings,2025 15th International Conference on Electrical Engineering (ICEENG),"V, Ankush H and Raghuram, Arya Vinayak and Umesh, Ganya and Murthy, Adithi S and Srinivasa, Gowri","V, Ankush H",10.1109/ICEENG64546.2025.11031337,https://doi.org/10.1109/ICEENG64546.2025.11031337,https://doi.org/10.1109/ICEENG64546.2025.11031337,,,,benchmark_paper,perturbation_response_modeling; single_cell_rna_seq,Compares molecular embeddings and downstream models for single-cell perturbation analysis in a benchmark-style study.,not_established,Available local metadata does not establish this capability.,not_established,Available local metadata does not establish this capability.,scope_only,"Paper addresses chemical perturbations, but local metadata does not establish held-out-perturbation evaluation.",not_established,Available local metadata does not establish this capability.,,not_established,Available local metadata does not establish this capability.,,metrics-db/pdfs/scExploreComparativeStudy2025a.pdf,metrics-db/extracted_markdown/scExploreComparativeStudy2025a.md,metrics-db/extracted_text/scExploreComparativeStudy2025a.txt,metrics-db/bib/papers.bib,metrics-db/data/papers/scExploreComparativeStudy2025a.yaml,Analogous benchmark filter: category=benchmark_paper; tags include perturbation_response_modeling and single_cell_rna_seq,notebooks/metric_benchmark_correlations_dataframe.ipynb
PertDiffBench: Benchmarking Diffusion Models for Single-Cell Perturbation Response Prediction,songPertDiffBenchBenchmarkingDiffusion2026,2026,misc,bioRxiv,"Song, Zijun and Xiang, Yujia and Song, Zhi and Jin, Wenyi and Li, Jiangmeng and Sun, Chuxiong and Xie, Linhai","Song, Zijun",10.64898/2026.06.13.732013,https://doi.org/10.64898/2026.06.13.732013,https://doi.org/10.64898/2026.06.13.732013,https://github.com/ZijunSong/PertDiffBench,https://github.com/ZijunSong/PertDiffBench (benchmark),,software_paper; benchmark_paper,perturbation_response_modeling; single_cell_rna_seq; bulk_rna_seq,,explicitly_evaluated,Benchmark includes unseen cell types and species.,not_established,Available local metadata does not establish this capability.,explicitly_evaluated,Benchmark explicitly includes unseen drugs.,not_established,Available local metadata does not establish this capability.,,not_established,Available local metadata does not establish this capability.,,metrics-db/pdfs/songPertDiffBenchBenchmarkingDiffusion2026.pdf,metrics-db/extracted_markdown/songPertDiffBenchBenchmarkingDiffusion2026.md,,metrics-db/bib/papers.bib,metrics-db/data/papers/songPertDiffBenchBenchmarkingDiffusion2026.yaml,Analogous benchmark filter: category=benchmark_paper; tags include perturbation_response_modeling and single_cell_rna_seq,notebooks/metric_benchmark_correlations_dataframe.ipynb
Systema: A Framework for Evaluating Genetic Perturbation Response Prediction beyond Systematic Variation,systema,2025,article,Nature Biotechnology,"Viñas Torné, Ramon and Wiatrak, Maciej and Piran, Zoe and Fan, Shuyang and Jiang, Liangze and Teichmann, Sarah A. and Nitzan, Mor and Brbić, Maria","Viñas Torné, Ramon",10.1038/s41587-025-02777-8,https://doi.org/10.1038/s41587-025-02777-8,https://doi.org/10.1038/s41587-025-02777-8,https://github.com/mlbio-epfl/systema; https://github.com/mlbioepfl/systema,https://github.com/mlbio-epfl/systema (primary); https://github.com/mlbioepfl/systema (official),,metric_paper; benchmark_paper; software_paper,perturbation_response_modeling; single_cell_rna_seq,"Introduces Systema, a reference-aware evaluation framework that uses the average of training perturbation centroids rather than control cells to emphasize effects that distinguish different perturbations.",not_established,Available local metadata does not establish this capability.,explicitly_evaluated,Benchmark explicitly evaluates unseen genetic perturbations.,not_established,Available local metadata does not establish this capability.,explicitly_evaluated,"Benchmark evaluates unseen two-gene perturbations across zero-, one-, and two-seen component settings.",Norman2019,not_established,Available local metadata does not establish this capability.,,metrics-db/pdfs/systema.pdf,metrics-db/extracted_markdown/systema.md,metrics-db/extracted_text/systema.txt,metrics-db/bib/papers.bib,metrics-db/data/papers/systema.yaml,Analogous benchmark filter: category=benchmark_paper; tags include perturbation_response_modeling and single_cell_rna_seq,notebooks/metric_benchmark_correlations_dataframe.ipynb
A Benchmark for Prediction of Transcriptomic Responses to Chemical Perturbations across Cell Types,szalataBenchmarkPredictionTranscriptomic2024,2024,article,Advances in Neural Information Processing Systems,"Sza\lata, Artur and Benz, Andrew and Cannoodt, Robrecht and Cortes, Mauricio and Fong, Jason and Kuppasani, Sunil and Lieberman, Richard and Liu, Tianyu and others and Tunjic, Tin M. and Wang, Mengbo and Weber, Noah and Zhao, Hongyu and Anchang, Benedict and Theis, Fabian J. and Luecken, Malte D. and Burkhardt, Daniel B.","Sza\lata, Artur",10.52202/079017-0650,https://doi.org/10.52202/079017-0650,https://proceedings.neurips.cc/paper_files/paper/2024/hash/24c4d51f3ef48dd2dbab78243ecb26a1-Abstract-Datasets_and_Benchmarks_Track.html,,,,benchmark_paper,perturbation_response_modeling; single_cell_rna_seq,Introduces a benchmark for predicting transcriptomic responses to chemical perturbations across cell types.,explicitly_evaluated,Benchmark predicts chemical responses across cell types.,not_established,Available local metadata does not establish this capability.,scope_only,"Paper addresses chemical perturbations, but local metadata does not establish held-out-perturbation evaluation.",not_established,Available local metadata does not establish this capability.,,not_established,Available local metadata does not establish this capability.,,metrics-db/pdfs/szalataBenchmarkPredictionTranscriptomic2024.pdf,metrics-db/extracted_markdown/szalataBenchmarkPredictionTranscriptomic2024.md,metrics-db/extracted_text/szalataBenchmarkPredictionTranscriptomic2024.txt,metrics-db/bib/papers.bib,metrics-db/data/papers/szalataBenchmarkPredictionTranscriptomic2024.yaml,Analogous benchmark filter: category=benchmark_paper; tags include perturbation_response_modeling and single_cell_rna_seq,notebooks/metric_benchmark_correlations_dataframe.ipynb
Benchmarking Algorithms for Generalizable Single-Cell Perturbation Response Prediction,weiBenchmarkingAlgorithmsGeneralizable2025,2025,article,Nature Methods,"Wei, Zhiting and Wang, Yiheng and Gao, Yicheng and Wang, Shuguang and Li, Ping and Si, Duanmiao and Gao, Yuli and Wu, Siqi and others and Fu, Shaliu and Chen, Xiaohan and Li, Wannian and You, Yuzhou and Zhang, Chen and Liang, Aibin and Chuai, Guohui and Liu, Qi","Wei, Zhiting",10.1038/s41592-025-02980-0,https://doi.org/10.1038/s41592-025-02980-0,https://doi.org/10.1038/s41592-025-02980-0,https://github.com/bm2-lab/scPerturBench,https://github.com/bm2-lab/scPerturBench (primary),,benchmark_paper,perturbation_response_modeling; single_cell_rna_seq,Benchmarks perturbation-prediction methods with PCC-delta across cellular-context and perturbation-generalization scenarios.,explicitly_evaluated,Benchmark explicitly evaluates cellular-context generalization.,explicitly_evaluated,Benchmark explicitly evaluates unseen genetic perturbations.,explicitly_evaluated,Benchmark explicitly evaluates unseen chemical perturbations.,explicitly_evaluated,"scPerturBench evaluates four two-gene datasets across combo-seen0, combo-seen1, and combo-seen2.",Norman2019; Wessels2023; Schmidt; Replogle2020,explicitly_evaluated,scPerturBench evaluates six methods or baselines on a chemical-combination dataset.,sciPlex3-comb,metrics-db/pdfs/weiBenchmarkingAlgorithmsGeneralizable2025.pdf,metrics-db/extracted_markdown/weiBenchmarkingAlgorithmsGeneralizable2025.md,metrics-db/extracted_text/weiBenchmarkingAlgorithmsGeneralizable2025.txt,metrics-db/bib/papers.bib; all_papers_updated.bib fallback fields,metrics-db/data/papers/weiBenchmarkingAlgorithmsGeneralizable2025.yaml,Analogous benchmark filter: category=benchmark_paper; tags include perturbation_response_modeling and single_cell_rna_seq,notebooks/metric_benchmark_correlations_dataframe.ipynb
PertEval-scFM: Benchmarking Single-Cell Foundation Models for Perturbation Effect Prediction,wentelerPertEvalscFMBenchmarkingSingleCell2024,2024,article,bioRxiv,"Wenteler, A. and Occhetta, M. and Branson, N. and Huebner, M. and Curean, V. and Dee, W. T. and Connell, W. T. and Hawkins-Hooker, A. and Chung, S. P. and Ektefaie, Y. and Gallagher-Syed, A. and C\'ordova, C. M. V.","Wenteler, A.",10.1101/2024.10.02.616248,https://doi.org/10.1101/2024.10.02.616248,https://doi.org/10.1101/2024.10.02.616248,https://github.com/aaronwtr/PertEval,https://github.com/aaronwtr/PertEval (benchmark),,benchmark_paper,perturbation_response_modeling; single_cell_rna_seq,Introduces PertEval-scFM for benchmarking single-cell foundation models on perturbation effect prediction.,not_established,Available local metadata does not establish this capability.,not_established,Available local metadata does not establish this capability.,not_established,Available local metadata does not establish this capability.,not_established,Available local metadata does not establish this capability.,,not_established,Available local metadata does not establish this capability.,,metrics-db/pdfs/wentelerPertEvalscFMBenchmarkingSingleCell2024.pdf,metrics-db/extracted_markdown/wentelerPertEvalscFMBenchmarkingSingleCell2024.md,metrics-db/extracted_text/wentelerPertEvalscFMBenchmarkingSingleCell2024.txt,metrics-db/bib/papers.bib; all_papers_updated.bib fallback fields,metrics-db/data/papers/wentelerPertEvalscFMBenchmarkingSingleCell2024.yaml,Analogous benchmark filter: category=benchmark_paper; tags include perturbation_response_modeling and single_cell_rna_seq,notebooks/metric_benchmark_correlations_dataframe.ipynb
Simple Controls Exceed Best Deep Learning Algorithms and Reveal Foundation Model Effectiveness for Predicting Genetic Perturbations,wongSimpleControlsExceed2025,2025,article,Bioinformatics,"Wong, Daniel R and Hill, Abby S and Moccia, Rob","Wong, Daniel R",10.1093/bioinformatics/btaf317,https://doi.org/10.1093/bioinformatics/btaf317,https://doi.org/10.1093/bioinformatics/btaf317,https://github.com/pfizer-opensource/perturb_seq,https://github.com/pfizer-opensource/perturb_seq (perturb_seq),,benchmark_paper,perturbation_response_modeling; single_cell_rna_seq,Shows simple control-based baselines can outperform leading deep-learning methods while clarifying where foundation models help.,not_established,Available local metadata does not establish this capability.,scope_only,"Paper addresses genetic perturbations, but local metadata does not establish held-out-perturbation evaluation.",not_established,Available local metadata does not establish this capability.,applied_to_combination_data,Benchmark includes multi-target Norman perturbations in random condition-level splits.,Norman2019,not_established,Available local metadata does not establish this capability.,,metrics-db/pdfs/wongSimpleControlsExceed2025.pdf,metrics-db/extracted_markdown/wongSimpleControlsExceed2025.md,metrics-db/extracted_text/wongSimpleControlsExceed2025.txt,metrics-db/bib/papers.bib; all_papers_updated.bib fallback fields,metrics-db/data/papers/wongSimpleControlsExceed2025.yaml,Analogous benchmark filter: category=benchmark_paper; tags include perturbation_response_modeling and single_cell_rna_seq,notebooks/metric_benchmark_correlations_dataframe.ipynb
